-- =============================================================
-- Project 6 — Seed Data (from jsonplaceholder.typicode.com)
-- Usage:
--   1. mysql -u root -p project6 < server/db/seed.sql
--   2. node server/db/seed_passwords.js
-- All 10 users will have password: password123
-- =============================================================

USE project6;

-- UUID constants for the 10 seed users
SET @u1  = '00000000-0000-4000-a000-000000000001';
SET @u2  = '00000000-0000-4000-a000-000000000002';
SET @u3  = '00000000-0000-4000-a000-000000000003';
SET @u4  = '00000000-0000-4000-a000-000000000004';
SET @u5  = '00000000-0000-4000-a000-000000000005';
SET @u6  = '00000000-0000-4000-a000-000000000006';
SET @u7  = '00000000-0000-4000-a000-000000000007';
SET @u8  = '00000000-0000-4000-a000-000000000008';
SET @u9  = '00000000-0000-4000-a000-000000000009';
SET @u10 = '00000000-0000-4000-a000-000000000010';

SET FOREIGN_KEY_CHECKS = 0;
TRUNCATE TABLE photos;
TRUNCATE TABLE comments;
TRUNCATE TABLE albums;
TRUNCATE TABLE todos;
TRUNCATE TABLE posts;
TRUNCATE TABLE passwords;
TRUNCATE TABLE users;
SET FOREIGN_KEY_CHECKS = 1;

-- ─── USERS (10) ─────────────────────────────────────────────
INSERT INTO users (id, username, name, email, role) VALUES
(@u1,  'Bret',             'Leanne Graham',           'Sincere@april.biz',         'user'),
(@u2,  'Antonette',        'Ervin Howell',             'Shanna@melissa.tv',         'user'),
(@u3,  'Samantha',         'Clementine Bauch',         'Nathan@yesenia.net',        'user'),
(@u4,  'Karianne',         'Patricia Lebsack',         'Julianne.OConner@kory.org', 'user'),
(@u5,  'Kamren',           'Chelsey Dietrich',         'Lucio_Hettinger@annie.ca',  'user'),
(@u6,  'Leopoldo_Corkery', 'Mrs. Dennis Schulist',     'Karley_Dach@jasper.info',   'user'),
(@u7,  'Elwyn.Skiles',     'Kurtis Weissnat',          'Telly.Hoeger@billy.biz',    'user'),
(@u8,  'Maxime_Nienow',    'Nicholas Runolfsdottir V', 'Sherwood@rosamond.me',      'user'),
(@u9,  'Delphine',         'Glenna Reichert',          'Chaim_McDermott@dana.io',   'user'),
(@u10, 'Moriah.Stanton',   'Clementina DuBuque',       'Rey.Padberg@karina.biz',    'admin');

-- ─── TODOS (200) ────────────────────────────────────────────
INSERT INTO todos (id, user_id, title, completed) VALUES
(1,  @u1, 'delectus aut autem', FALSE),
(2,  @u1, 'quis ut nam facilis et officia qui', FALSE),
(3,  @u1, 'fugiat veniam minus', FALSE),
(4,  @u1, 'et porro tempora', TRUE),
(5,  @u1, 'laboriosam mollitia et enim quasi adipisci quia provident illum', FALSE),
(6,  @u1, 'qui ullam ratione quibusdam voluptatem quia omnis', FALSE),
(7,  @u1, 'illo expedita consequatur quia in', FALSE),
(8,  @u1, 'quo adipisci enim quam ut ab', TRUE),
(9,  @u1, 'molestiae perspiciatis ipsa', FALSE),
(10, @u1, 'illo est ratione doloremque quia maiores aut', TRUE),
(11, @u1, 'vero rerum temporibus dolor', TRUE),
(12, @u1, 'ipsa repellendus fugit nisi', TRUE),
(13, @u1, 'et doloremque nulla', FALSE),
(14, @u1, 'repellendus sunt dolores architecto voluptatum', TRUE),
(15, @u1, 'ab voluptatum amet voluptas', TRUE),
(16, @u1, 'accusamus eos facilis sint et aut voluptatem', TRUE),
(17, @u1, 'quo laboriosam deleniti aut qui', TRUE),
(18, @u1, 'dolorum est consequatur ea mollitia in culpa', FALSE),
(19, @u1, 'molestiae ipsa aut voluptatibus pariatur dolor nihil', TRUE),
(20, @u1, 'ullam nobis libero sapiente ad optio sint', TRUE),
(21, @u2, 'suscipit repellat esse quibusdam voluptatem incidunt', FALSE),
(22, @u2, 'distinctio vitae autem nihil ut molestias quo', TRUE),
(23, @u2, 'et itaque necessitatibus maxime molestiae qui quas velit', FALSE),
(24, @u2, 'adipisci non ad dicta qui amet quaerat doloribus ea', FALSE),
(25, @u2, 'voluptas quo tenetur perspiciatis explicabo natus', TRUE),
(26, @u2, 'aliquam aut quasi', TRUE),
(27, @u2, 'veritatis pariatur delectus', TRUE),
(28, @u2, 'nesciunt totam sit blanditiis sit', FALSE),
(29, @u2, 'laborum aut in quam', FALSE),
(30, @u2, 'nemo perspiciatis repellat ut dolor libero commodi blanditiis omnis', TRUE),
(31, @u2, 'repudiandae totam in est sint facere fuga', FALSE),
(32, @u2, 'earum doloribus ea doloremque quis', FALSE),
(33, @u2, 'sint sit aut vero', FALSE),
(34, @u2, 'porro aut necessitatibus eaque distinctio', FALSE),
(35, @u2, 'repellendus veritatis molestias dicta incidunt', TRUE),
(36, @u2, 'excepturi deleniti adipisci voluptatem et neque optio illum ad', TRUE),
(37, @u2, 'sunt cum tempora', FALSE),
(38, @u2, 'totam quia non', FALSE),
(39, @u2, 'doloremque quibusdam asperiores libero corrupti illum qui omnis', FALSE),
(40, @u2, 'totam atque quo nesciunt', TRUE),
(41, @u3, 'aliquid amet impedit consequatur aspernatur placeat eaque fugiat suscipit', FALSE),
(42, @u3, 'rerum perferendis error quia ut eveniet', FALSE),
(43, @u3, 'tempore ut sint quis recusandae', TRUE),
(44, @u3, 'cum debitis quis accusamus doloremque ipsa natus sapiente omnis', TRUE),
(45, @u3, 'velit soluta adipisci molestias reiciendis harum', FALSE),
(46, @u3, 'vel voluptatem repellat nihil placeat corporis', FALSE),
(47, @u3, 'nam qui rerum fugiat accusamus', FALSE),
(48, @u3, 'sit reprehenderit omnis quia', FALSE),
(49, @u3, 'ut necessitatibus aut maiores debitis officia blanditiis velit et', FALSE),
(50, @u3, 'cupiditate necessitatibus ullam aut quis dolor voluptate', TRUE),
(51, @u3, 'distinctio exercitationem ab doloribus', FALSE),
(52, @u3, 'nesciunt dolorum quis recusandae ad pariatur ratione', FALSE),
(53, @u3, 'qui labore est occaecati recusandae aliquid quam', FALSE),
(54, @u3, 'quis et est ut voluptate quam dolor', TRUE),
(55, @u3, 'voluptatum omnis minima qui occaecati provident nulla voluptatem ratione', TRUE),
(56, @u3, 'deleniti ea temporibus enim', TRUE),
(57, @u3, 'pariatur et magnam ea doloribus similique voluptatem rerum quia', FALSE),
(58, @u3, 'est dicta totam qui explicabo doloribus qui dignissimos', FALSE),
(59, @u3, 'perspiciatis velit id laborum placeat iusto et aliquam odio', FALSE),
(60, @u3, 'et sequi qui architecto ut adipisci', TRUE),
(61, @u4, 'odit optio omnis qui sunt', TRUE),
(62, @u4, 'et placeat et tempore aspernatur sint numquam', FALSE),
(63, @u4, 'doloremque aut dolores quidem fuga qui nulla', TRUE),
(64, @u4, 'voluptas consequatur qui ut quia magnam nemo esse', FALSE),
(65, @u4, 'fugiat pariatur ratione ut asperiores necessitatibus magni', FALSE),
(66, @u4, 'rerum eum molestias autem voluptatum sit optio', FALSE),
(67, @u4, 'quia voluptatibus voluptatem quos similique maiores repellat', FALSE),
(68, @u4, 'aut id perspiciatis voluptatem iusto', FALSE),
(69, @u4, 'doloribus sint dolorum ab adipisci itaque dignissimos aliquam suscipit', FALSE),
(70, @u4, 'ut sequi accusantium et mollitia delectus sunt', FALSE),
(71, @u4, 'aut velit saepe ullam', FALSE),
(72, @u4, 'praesentium facilis facere quis harum voluptatibus voluptatem eum', FALSE),
(73, @u4, 'sint amet quia totam corporis qui exercitationem commodi', TRUE),
(74, @u4, 'expedita tempore nobis eveniet laborum maiores', FALSE),
(75, @u4, 'occaecati adipisci est possimus totam', FALSE),
(76, @u4, 'sequi dolorem sed', TRUE),
(77, @u4, 'maiores aut nesciunt delectus exercitationem vel assumenda eligendi at', FALSE),
(78, @u4, 'reiciendis est magnam amet nemo iste recusandae impedit quaerat', FALSE),
(79, @u4, 'eum ipsa maxime ut', TRUE),
(80, @u4, 'tempore molestias dolores rerum sequi voluptates ipsum consequatur', TRUE),
(81, @u5, 'suscipit qui totam', TRUE),
(82, @u5, 'voluptates eum voluptas et dicta', FALSE),
(83, @u5, 'quidem at rerum quis ex aut sit quam', TRUE),
(84, @u5, 'sunt veritatis ut voluptate', FALSE),
(85, @u5, 'et quia ad iste a', TRUE),
(86, @u5, 'incidunt ut saepe autem', TRUE),
(87, @u5, 'laudantium quae eligendi consequatur quia et vero autem', TRUE),
(88, @u5, 'vitae aut excepturi laboriosam sint aliquam et et accusantium', FALSE),
(89, @u5, 'sequi ut omnis et', TRUE),
(90, @u5, 'molestiae nisi accusantium tenetur dolorem et', TRUE),
(91, @u5, 'nulla quis consequatur saepe qui id expedita', TRUE),
(92, @u5, 'in omnis laboriosam', TRUE),
(93, @u5, 'odio iure consequatur molestiae quibusdam necessitatibus quia sint', TRUE),
(94, @u5, 'facilis modi saepe mollitia', FALSE),
(95, @u5, 'vel nihil et molestiae iusto assumenda nemo quo ut', TRUE),
(96, @u5, 'nobis suscipit ducimus enim asperiores voluptas', FALSE),
(97, @u5, 'dolorum laboriosam eos qui iure aliquam', FALSE),
(98, @u5, 'debitis accusantium ut quo facilis nihil quis sapiente necessitatibus', TRUE),
(99, @u5, 'neque voluptates ratione', FALSE),
(100,@u5, 'excepturi a et neque qui expedita vel voluptate', FALSE),
(101,@u6, 'explicabo enim cumque porro aperiam occaecati minima', FALSE),
(102,@u6, 'sed ab consequatur', FALSE),
(103,@u6, 'non sunt delectus illo nulla tenetur enim omnis', FALSE),
(104,@u6, 'excepturi non laudantium quo', FALSE),
(105,@u6, 'totam quia dolorem et illum repellat voluptas optio', TRUE),
(106,@u6, 'ad illo quis voluptatem temporibus', TRUE),
(107,@u6, 'praesentium facilis omnis laudantium fugit ad iusto nihil nesciunt', FALSE),
(108,@u6, 'a eos eaque nihil et exercitationem incidunt delectus', TRUE),
(109,@u6, 'autem temporibus harum quisquam in culpa', TRUE),
(110,@u6, 'aut aut ea corporis', TRUE),
(111,@u6, 'magni accusantium labore et id quis provident', FALSE),
(112,@u6, 'consectetur impedit quisquam qui deserunt non rerum consequuntur eius', FALSE),
(113,@u6, 'quia atque aliquam sunt impedit voluptatum rerum assumenda nisi', FALSE),
(114,@u6, 'cupiditate quos possimus corporis quisquam exercitationem beatae', FALSE),
(115,@u6, 'sed et ea eum', FALSE),
(116,@u6, 'ipsa dolores vel facilis ut', TRUE),
(117,@u6, 'sequi quae est et qui qui eveniet asperiores', FALSE),
(118,@u6, 'quia modi consequatur vero fugiat', FALSE),
(119,@u6, 'corporis ducimus ea perspiciatis iste', FALSE),
(120,@u6, 'dolorem laboriosam vel voluptas et aliquam quasi', FALSE),
(121,@u7, 'inventore aut nihil minima laudantium hic qui omnis', TRUE),
(122,@u7, 'provident aut nobis culpa', TRUE),
(123,@u7, 'esse et quis iste est earum aut impedit', FALSE),
(124,@u7, 'qui consectetur id', FALSE),
(125,@u7, 'aut quasi autem iste tempore illum possimus', FALSE),
(126,@u7, 'ut asperiores perspiciatis veniam ipsum rerum saepe', TRUE),
(127,@u7, 'voluptatem libero consectetur rerum ut', TRUE),
(128,@u7, 'eius omnis est qui voluptatem autem', FALSE),
(129,@u7, 'rerum culpa quis harum', FALSE),
(130,@u7, 'nulla aliquid eveniet harum laborum libero alias ut unde', TRUE),
(131,@u7, 'qui ea incidunt quis', FALSE),
(132,@u7, 'qui molestiae voluptatibus velit iure harum quisquam', TRUE),
(133,@u7, 'et labore eos enim rerum consequatur sunt', TRUE),
(134,@u7, 'molestiae doloribus et laborum quod ea', FALSE),
(135,@u7, 'facere ipsa nam eum voluptates reiciendis vero qui', FALSE),
(136,@u7, 'asperiores illo tempora fuga sed ut quasi adipisci', FALSE),
(137,@u7, 'qui sit non', FALSE),
(138,@u7, 'placeat minima consequatur rem qui ut', TRUE),
(139,@u7, 'consequatur doloribus id possimus voluptas a voluptatem', FALSE),
(140,@u7, 'aut consectetur in blanditiis deserunt quia sed laboriosam', TRUE),
(141,@u8, 'explicabo consectetur debitis voluptates quas quae culpa rerum non', TRUE),
(142,@u8, 'maiores accusantium architecto necessitatibus reiciendis ea aut', TRUE),
(143,@u8, 'eum non recusandae cupiditate animi', FALSE),
(144,@u8, 'ut eum exercitationem sint', FALSE),
(145,@u8, 'beatae qui ullam incidunt voluptatem non nisi aliquam', FALSE),
(146,@u8, 'molestiae suscipit ratione nihil odio libero impedit vero totam', TRUE),
(147,@u8, 'eum itaque quod reprehenderit et facilis dolor autem ut', TRUE),
(148,@u8, 'esse quas et quo quasi exercitationem', FALSE),
(149,@u8, 'animi voluptas quod perferendis est', FALSE),
(150,@u8, 'eos amet tempore laudantium fugit a', FALSE),
(151,@u8, 'accusamus adipisci dicta qui quo ea explicabo sed vero', TRUE),
(152,@u8, 'odit eligendi recusandae doloremque cumque non', FALSE),
(153,@u8, 'ea aperiam consequatur qui repellat eos', FALSE),
(154,@u8, 'rerum non ex sapiente', TRUE),
(155,@u8, 'voluptatem nobis consequatur et assumenda magnam', TRUE),
(156,@u8, 'nam quia quia nulla repellat assumenda quibusdam sit nobis', TRUE),
(157,@u8, 'dolorem veniam quisquam deserunt repellendus', TRUE),
(158,@u8, 'debitis vitae delectus et harum accusamus aut deleniti a', TRUE),
(159,@u8, 'debitis adipisci quibusdam aliquam sed dolore ea praesentium nobis', TRUE),
(160,@u8, 'et praesentium aliquam est', FALSE),
(161,@u9, 'ex hic consequuntur earum omnis alias ut occaecati culpa', TRUE),
(162,@u9, 'omnis laboriosam molestias animi sunt dolore', TRUE),
(163,@u9, 'natus corrupti maxime laudantium et voluptatem laboriosam odit', FALSE),
(164,@u9, 'reprehenderit quos aut aut consequatur est sed', FALSE),
(165,@u9, 'fugiat perferendis sed aut quidem', FALSE),
(166,@u9, 'quos quo possimus suscipit minima ut', FALSE),
(167,@u9, 'et quis minus quo a asperiores molestiae', FALSE),
(168,@u9, 'recusandae quia qui sunt libero', FALSE),
(169,@u9, 'ea odio perferendis officiis', TRUE),
(170,@u9, 'quisquam aliquam quia doloribus aut', FALSE),
(171,@u9, 'fugiat aut voluptatibus corrupti deleniti velit iste odio', TRUE),
(172,@u9, 'et provident amet rerum consectetur et voluptatum', FALSE),
(173,@u9, 'harum ad aperiam quis', FALSE),
(174,@u9, 'similique aut quo', FALSE),
(175,@u9, 'laudantium eius officia perferendis provident perspiciatis asperiores', TRUE),
(176,@u9, 'magni soluta corrupti ut maiores rem quidem', FALSE),
(177,@u9, 'et placeat temporibus voluptas est tempora quos quibusdam', FALSE),
(178,@u9, 'nesciunt itaque commodi tempore', TRUE),
(179,@u9, 'omnis consequuntur cupiditate impedit itaque ipsam quo', TRUE),
(180,@u9, 'debitis nisi et dolorem repellat et', TRUE),
(181,@u10,'ut cupiditate sequi aliquam fuga maiores', FALSE),
(182,@u10,'inventore saepe cumque et aut illum enim', TRUE),
(183,@u10,'omnis nulla eum aliquam distinctio', TRUE),
(184,@u10,'molestias modi perferendis perspiciatis', FALSE),
(185,@u10,'voluptates dignissimos sed doloribus animi quaerat aut', FALSE),
(186,@u10,'explicabo odio est et', FALSE),
(187,@u10,'consequuntur animi possimus', FALSE),
(188,@u10,'vel non beatae est', TRUE),
(189,@u10,'culpa eius et voluptatem et', TRUE),
(190,@u10,'accusamus sint iusto et voluptatem exercitationem', TRUE),
(191,@u10,'temporibus atque distinctio omnis eius impedit tempore molestias pariatur', TRUE),
(192,@u10,'ut quas possimus exercitationem sint voluptates', FALSE),
(193,@u10,'rerum debitis voluptatem qui eveniet tempora distinctio a', TRUE),
(194,@u10,'sed ut vero sit molestiae', FALSE),
(195,@u10,'rerum ex veniam mollitia voluptatibus pariatur', TRUE),
(196,@u10,'consequuntur aut ut fugit similique', TRUE),
(197,@u10,'dignissimos quo nobis earum saepe', TRUE),
(198,@u10,'quis eius est sint explicabo', TRUE),
(199,@u10,'numquam repellendus a magnam', TRUE),
(200,@u10,'ipsam aperiam voluptates qui', FALSE);

-- ─── POSTS (100) ────────────────────────────────────────────
INSERT INTO posts (id, user_id, title, body) VALUES
(1,  @u1, 'sunt aut facere repellat provident occaecati excepturi optio reprehenderit', 'quia et suscipit suscipit recusandae consequuntur expedita et cum reprehenderit molestiae ut ut quas totam nostrum rerum est autem sunt rem eveniet architecto'),
(2,  @u1, 'qui est esse', 'est rerum tempore vitae sequi sint nihil reprehenderit dolor beatae ea dolores neque fugiat blanditiis voluptate porro vel nihil molestiae ut reiciendis qui aperiam non debitis possimus qui neque nisi nulla'),
(3,  @u1, 'ea molestias quasi exercitationem repellat qui ipsa sit aut', 'et iusto sed quo iure voluptatem occaecati omnis eligendi aut ad voluptatem doloribus vel accusantium quis pariatur molestiae porro eius odio et labore et velit aut'),
(4,  @u1, 'eum et est occaecati', 'ullam et saepe reiciendis voluptatem adipisci sit amet autem assumenda provident rerum culpa quis hic commodi nesciunt rem tenetur doloremque ipsam iure quis sunt voluptatem rerum illo velit'),
(5,  @u1, 'nesciunt quas odio', 'repudiandae veniam quaerat sunt sed alias aut fugiat sit autem sed est voluptatem omnis possimus esse voluptatibus quis est aut tenetur dolor neque'),
(6,  @u1, 'dolorem eum magni eos aperiam quia', 'ut aspernatur corporis harum nihil quis provident sequi mollitia nobis aliquid molestiae perspiciatis et ea nemo ab reprehenderit accusantium quas voluptate dolores velit et doloremque molestiae'),
(7,  @u1, 'magnam facilis autem', 'dolore placeat quibusdam ea quo vitae magni quis enim qui quis quo nemo aut saepe quidem repellat excepturi ut quia sunt ut sequi eos ea sed quas'),
(8,  @u1, 'dolorem dolore est ipsam', 'dignissimos aperiam dolorem qui eum facilis quibusdam animi sint suscipit qui sint possimus cum quaerat magni maiores excepturi ipsam ut commodi dolor voluptatum modi aut vitae'),
(9,  @u1, 'nesciunt iure omnis dolorem tempora et accusantium', 'consectetur animi nesciunt iure dolore enim quia ad veniam autem ut quam aut nobis et est aut quod aut provident voluptas autem voluptas'),
(10, @u1, 'optio molestias id quia eum', 'quo et expedita modi cum officia vel magni doloribus qui repudiandae vero nisi sit quos veniam quod sed accusamus veritatis error'),
(11, @u2, 'et ea vero quia laudantium autem', 'delectus reiciendis molestiae occaecati non minima eveniet qui voluptatibus accusamus in eum beatae sit vel qui neque voluptates ut commodi qui incidunt ut animi commodi'),
(12, @u2, 'in quibusdam tempore odit est dolorem', 'itaque id aut magnam praesentium quia et ea odit et ea voluptas et sapiente quia nihil amet occaecati quia id voluptatem incidunt ea est distinctio odio'),
(13, @u2, 'dolorum ut in voluptas mollitia et saepe quo animi', 'aut dicta possimus sint mollitia voluptas commodi quo doloremque iste corrupti reiciendis voluptatem eius rerum sit cumque quod eligendi laborum minima perferendis recusandae assumenda consectetur porro architecto ipsum ipsam'),
(14, @u2, 'voluptatem eligendi optio', 'fuga et accusamus dolorum perferendis illo voluptas non doloremque neque facere ad qui dolorum molestiae beatae sed aut voluptas totam sit illum'),
(15, @u2, 'eveniet quod temporibus', 'reprehenderit quos placeat velit minima officia dolores impedit repudiandae molestiae nam voluptas recusandae quis delectus officiis harum fugiat vitae'),
(16, @u2, 'sint suscipit perspiciatis velit dolorum rerum ipsa laboriosam odio', 'suscipit nam nisi quo aperiam aut asperiores eos fugit maiores voluptatibus quia voluptatem quis ullam qui in alias quia est consequatur magni mollitia accusamus ea nisi voluptate dicta'),
(17, @u2, 'fugit voluptas sed molestias voluptatem provident', 'eos voluptas et aut odit natus earum aspernatur fuga molestiae ullam deserunt ratione qui eos qui nihil ratione nemo velit ut aut id quo'),
(18, @u2, 'voluptate et itaque vero tempora molestiae', 'eveniet quo quis laborum totam consequatur non dolor ut et est repudiandae est voluptatem vel debitis et magnam'),
(19, @u2, 'adipisci placeat illum aut reiciendis qui', 'illum quis cupiditate provident sit magnam ea sed aut omnis veniam maiores ullam consequatur atque adipisci quo iste expedita sit quos voluptas'),
(20, @u2, 'doloribus ad provident suscipit at', 'qui consequuntur ducimus possimus quisquam amet similique suscipit porro ipsam amet eos veritatis officiis exercitationem vel fugit aut necessitatibus totam omnis rerum consequatur expedita quidem cumque explicabo'),
(21, @u3, 'asperiores ea ipsam voluptatibus modi minima quia sint', 'repellat aliquid praesentium dolorem quo sed totam minus non itaque nihil labore molestiae sunt dolor eveniet hic recusandae veniam tempora et tenetur expedita sunt'),
(22, @u3, 'dolor sint quo a velit explicabo quia nam', 'eos qui et ipsum ipsam suscipit aut sed omnis non odio expedita earum mollitia molestiae aut atque rem suscipit nam impedit esse'),
(23, @u3, 'maxime id vitae nihil numquam', 'veritatis unde neque eligendi quae quod architecto quo neque vitae est illo sit tempora doloremque fugit quod et et vel beatae sequi ullam sed tenetur perspiciatis'),
(24, @u3, 'autem hic labore sunt dolores incidunt', 'enim et ex nulla omnis voluptas quia qui voluptatem consequatur numquam aliquam sunt totam recusandae id dignissimos aut sed asperiores deserunt'),
(25, @u3, 'rem alias distinctio quo quis', 'ullam consequatur ut omnis quis sit vel consequuntur ipsa eligendi ipsum molestiae et omnis error nostrum molestiae illo tempore quia et distinctio'),
(26, @u3, 'est et quae odit qui non', 'similique esse doloribus nihil accusamus omnis dolorem fuga consequuntur reprehenderit fugit recusandae temporibus perspiciatis cum ut laudantium omnis aut molestiae vel vero'),
(27, @u3, 'quasi id et eos tenetur aut quo autem', 'eum sed dolores ipsam sint possimus debitis occaecati debitis qui qui et ut placeat enim earum aut odit facilis consequatur suscipit necessitatibus rerum sed inventore temporibus consequatur'),
(28, @u3, 'delectus ullam et corporis nulla voluptas sequi', 'non et quaerat ex quae ad maiores maiores recusandae totam aut blanditiis mollitia quas illo ut voluptatibus voluptatem similique nostrum eum'),
(29, @u3, 'iusto eius quod necessitatibus culpa ea', 'odit magnam ut saepe sed non qui tempora atque nihil accusamus illum doloribus illo dolor eligendi repudiandae odit magni similique sed cum maiores'),
(30, @u3, 'a quo magni similique perferendis', 'alias dolor cumque impedit blanditiis non eveniet odio maxime blanditiis amet eius quis tempora quia autem rem a provident perspiciatis quia'),
(31, @u4, 'ullam ut quidem id aut vel consequuntur', 'debitis eius sed quibusdam non quis consectetur vitae impedit ut qui consequatur sed aut in quidem sit nostrum et maiores adipisci atque quaerat voluptatem adipisci repudiandae'),
(32, @u4, 'doloremque illum aliquid sunt', 'deserunt eos nobis asperiores et hic est debitis repellat molestiae optio nihil ratione ut eos beatae quibusdam distinctio maiores earum voluptates et aut adipisci ea maiores voluptas maxime'),
(33, @u4, 'qui explicabo molestiae dolorem', 'rerum ut et numquam laborum odit est sit id qui sint in quasi tenetur tempore aperiam et quaerat qui in rerum officiis sequi cumque quod'),
(34, @u4, 'magnam ut rerum iure', 'ea velit perferendis earum ut voluptatem voluptate itaque iusto totam pariatur in nemo voluptatem voluptatem autem magni tempora minima in est distinctio qui assumenda accusamus dignissimos officia nesciunt nobis'),
(35, @u4, 'id nihil consequatur molestias animi provident', 'nisi error delectus possimus ut eligendi vitae placeat eos harum cupiditate facilis reprehenderit voluptatem beatae modi ducimus quo illum voluptas eligendi et nobis quia fugit'),
(36, @u4, 'fuga nam accusamus voluptas reiciendis itaque', 'ad mollitia et omnis minus architecto odit voluptas doloremque maxime aut non ipsa qui alias veniam blanditiis culpa aut quia nihil cumque facere et occaecati qui aspernatur quia eaque ut aperiam inventore'),
(37, @u4, 'provident vel ut sit ratione est', 'debitis et eaque non officia sed nesciunt pariatur vel voluptatem iste vero et ea numquam aut expedita ipsum nulla in voluptates omnis consequatur aut enim officiis in quam qui'),
(38, @u4, 'explicabo et eos deleniti nostrum ab id repellendus', 'animi esse sit aut sit nesciunt assumenda eum voluptas quia voluptatibus provident quia necessitatibus ea rerum repudiandae quia voluptatem delectus fugit aut id quia ratione optio eos iusto veniam iure'),
(39, @u4, 'eos dolorem iste accusantium est eaque quam', 'corporis rerum ducimus vel eum accusantium maxime aspernatur a porro possimus iste omnis est in deleniti asperiores fuga aut voluptas sapiente vel dolore minus voluptatem incidunt ex'),
(40, @u4, 'enim quo cumque', 'ut voluptatum aliquid illo tenetur nemo sequi quo facilis ipsum rem optio mollitia quas voluptatem eum voluptas qui unde omnis voluptatem iure quasi maxime voluptas nam'),
(41, @u5, 'non est facere', 'molestias id nostrum excepturi molestiae dolore omnis repellendus quaerat saepe consectetur iste quaerat tenetur asperiores accusamus ex ut nam quidem est ducimus sunt debitis saepe'),
(42, @u5, 'commodi ullam sint et excepturi error explicabo praesentium voluptas', 'odio fugit voluptatum ducimus earum autem est incidunt voluptatem odit reiciendis aliquam sunt sequi nulla dolorem non facere repellendus voluptates quia ratione harum vitae ut'),
(43, @u5, 'eligendi iste nostrum consequuntur adipisci praesentium sit beatae perferendis', 'similique fugit est illum et dolorum harum et voluptate eaque quidem exercitationem quos nam commodi possimus cum odio nihil nulla dolorum exercitationem magnam ex et a et distinctio debitis'),
(44, @u5, 'optio dolor molestias sit', 'temporibus est consectetur dolore et libero debitis vel velit laboriosam quia ipsum quibusdam qui itaque fuga rem aut ea et iure quam sed maxime ut distinctio quae'),
(45, @u5, 'ut numquam possimus omnis eius suscipit laudantium iure', 'est natus reiciendis nihil possimus aut provident ex et dolor repellat pariatur est nobis rerum repellendus dolorem autem'),
(46, @u5, 'aut quo modi neque nostrum ducimus', 'voluptatem quisquam iste voluptatibus natus officiis facilis dolorem quis quas ipsam vel et voluptatum in aliquid'),
(47, @u5, 'quibusdam cumque rem aut deserunt', 'voluptatem assumenda ut qui ut cupiditate aut impedit veniam occaecati nemo illum voluptatem laudantium molestiae beatae rerum ea iure soluta nostrum eligendi et voluptate'),
(48, @u5, 'ut voluptatem illum ea doloribus itaque eos', 'voluptates quo voluptatem facilis iure occaecati vel assumenda rerum officia et illum perspiciatis ab deleniti laudantium repellat ad ut et autem reprehenderit'),
(49, @u5, 'laborum non sunt aut ut assumenda perspiciatis voluptas', 'inventore ab sint natus fugit id nulla sequi architecto nihil quaerat eos tenetur in in eum veritatis non quibusdam officiis aspernatur cumque aut commodi aut'),
(50, @u5, 'repellendus qui recusandae incidunt voluptates tenetur qui omnis exercitationem', 'error suscipit maxime adipisci consequuntur recusandae voluptas eligendi et est et voluptates quia distinctio ab amet quaerat molestiae et vitae adipisci impedit sequi nesciunt quis consectetur'),
(51, @u6, 'soluta aliquam aperiam consequatur illo quis voluptas', 'sunt dolores aut doloribus dolore doloribus voluptates tempora et doloremque et quo cum asperiores sit consectetur dolorem'),
(52, @u6, 'qui enim et consequuntur quia animi quis voluptate quibusdam', 'iusto est quibusdam fuga quas quaerat molestias a enim ut sit accusamus enim temporibus iusto accusantium provident architecto soluta esse reprehenderit qui laborum'),
(53, @u6, 'ut quo aut ducimus alias', 'minima harum praesentium eum rerum illo dolore quasi exercitationem rerum nam porro quis neque quo consequatur minus dolor quidem veritatis sunt non explicabo similique'),
(54, @u6, 'sit asperiores ipsam eveniet odio non quia', 'totam corporis dignissimos vitae dolorem ut occaecati accusamus ex velit deserunt et exercitationem vero incidunt corrupti mollitia'),
(55, @u6, 'sit vel voluptatem et non libero', 'debitis excepturi ea perferendis harum libero optio eos accusamus cum fuga ut sapiente repudiandae et ut incidunt omnis molestiae nihil ut eum odit'),
(56, @u6, 'qui et at rerum necessitatibus', 'aut est omnis dolores neque rerum quod ea rerum velit pariatur beatae excepturi et provident voluptas corrupti corporis harum reprehenderit dolores eligendi'),
(57, @u6, 'sed ab est est', 'at pariatur consequuntur earum quidem quo est laudantium soluta voluptatem qui ullam et est et cum voluptas voluptatum repellat est'),
(58, @u6, 'voluptatum itaque dolores nisi et quasi', 'veniam voluptatum quae adipisci id et id quia eos ad et dolorem aliquam quo nisi sunt eos impedit error ad similique veniam'),
(59, @u6, 'qui commodi dolor at maiores et quis id accusantium', 'perspiciatis et quam ea autem temporibus non voluptatibus qui beatae a earum officia nesciunt dolores suscipit voluptas et animi doloribus cum rerum quas et magni et hic ut ut commodi expedita sunt'),
(60, @u6, 'consequatur placeat omnis quisquam quia reprehenderit fugit veritatis facere', 'asperiores sunt ab assumenda cumque modi velit qui esse omnis voluptate et fuga perferendis voluptas illo ratione amet aut et omnis'),
(61, @u7, 'voluptatem doloribus consectetur est ut ducimus', 'ab nemo optio odio delectus tenetur corporis similique nobis repellendus rerum omnis facilis vero blanditiis debitis in nesciunt doloribus dicta dolores magnam minus velit'),
(62, @u7, 'beatae enim quia vel', 'enim aspernatur illo distinctio quae praesentium beatae alias amet delectus qui voluptate distinctio odit sint accusantium autem omnis quo molestiae omnis ea eveniet optio'),
(63, @u7, 'voluptas blanditiis repellendus animi ducimus error sapiente et suscipit', 'enim adipisci aspernatur nemo numquam omnis facere dolorem dolor ex quis temporibus incidunt ab delectus culpa quo reprehenderit blanditiis asperiores accusantium ut quam in voluptatibus voluptas ipsam dicta'),
(64, @u7, 'et fugit quas eum in in aperiam quod', 'id velit blanditiis eum ea voluptatem molestiae sint occaecati est eos perspiciatis incidunt a error provident eaque aut aut qui'),
(65, @u7, 'consequatur id enim sunt et et', 'voluptatibus ex esse sint explicabo est aliquid cumque adipisci fuga repellat labore molestiae corrupti ex saepe at asperiores et perferendis natus id esse incidunt pariatur'),
(66, @u7, 'repudiandae ea animi iusto', 'officia veritatis tenetur vero qui itaque sint non ratione sed et ut asperiores iusto eos molestiae nostrum veritatis quibusdam et nemo iusto saepe'),
(67, @u7, 'aliquid eos sed fuga est maxime repellendus', 'reprehenderit id nostrum voluptas doloremque pariatur sint et accusantium quia quod aspernatur et fugiat amet non sapiente et consequatur necessitatibus molestiae'),
(68, @u7, 'odio quis facere architecto reiciendis optio', 'magnam molestiae perferendis quisquam qui cum reiciendis quaerat animi amet hic inventore ea quia deleniti quidem saepe porro velit'),
(69, @u7, 'fugiat quod pariatur odit minima', 'officiis error culpa consequatur modi asperiores et dolorum assumenda voluptas et vel qui aut vel rerum voluptatum quisquam perspiciatis quia rerum consequatur totam quas sequi commodi repudiandae asperiores et saepe a'),
(70, @u7, 'voluptatem laborum magni', 'sunt repellendus quae est asperiores aut deleniti esse accusamus repellendus quia aut quia dolorem unde eum tempora esse dolore'),
(71, @u8, 'et iusto veniam et illum aut fuga', 'occaecati a doloribus iste saepe consectetur placeat eum voluptate dolorem et qui quo quia voluptas rerum ut id enim velit est perferendis'),
(72, @u8, 'sint hic doloribus consequatur eos non id', 'quam occaecati qui deleniti consectetur consequatur aut facere quas exercitationem aliquam hic voluptas neque id sunt ut aut accusamus sunt consectetur expedita inventore velit'),
(73, @u8, 'consequuntur deleniti eos quia temporibus ab aliquid at', 'voluptatem cumque tenetur consequatur expedita ipsum nemo quia explicabo aut eum minima consequatur tempore cumque quae est et et in consequuntur voluptatem voluptates aut'),
(74, @u8, 'enim unde ratione doloribus quas enim ut sit sapiente', 'odit qui et et necessitatibus sint veniam mollitia amet doloremque molestiae commodi similique magnam et quam blanditiis est itaque quo et tenetur ratione occaecati molestiae tempora'),
(75, @u8, 'dignissimos eum dolor ut enim et delectus in', 'commodi non non omnis et voluptas sit autem aut nobis magnam et sapiente voluptatem et laborum repellat qui delectus facilis temporibus rerum amet et nemo voluptate expedita adipisci error dolorem'),
(76, @u8, 'doloremque officiis ad et non perferendis', 'ut animi facere totam iusto tempore molestiae eum aut et dolorem aperiam quaerat recusandae totam odio'),
(77, @u8, 'necessitatibus quasi exercitationem odio', 'modi ut in nulla repudiandae dolorum nostrum eos aut consequatur omnis ut incidunt est omnis iste et quam voluptates sapiente aliquam asperiores nobis amet corrupti repudiandae provident'),
(78, @u8, 'quam voluptatibus rerum veritatis', 'nobis facilis odit tempore cupiditate quia assumenda doloribus rerum qui ea illum et qui totam aut veniam repellendus'),
(79, @u8, 'pariatur consequatur quia magnam autem omnis non amet', 'libero accusantium et et facere incidunt sit dolorem non excepturi qui quia sed laudantium quisquam molestiae ducimus est officiis esse molestiae iste et quos'),
(80, @u8, 'labore in ex et explicabo corporis aut quas', 'ex quod dolorem ea eum iure qui provident amet quia qui facere excepturi et repudiandae asperiores molestias provident minus incidunt vero fugit rerum sint sunt excepturi provident'),
(81, @u9, 'tempora rem veritatis voluptas quo dolores vero', 'facere qui nesciunt est voluptatum voluptatem nisi sequi eligendi necessitatibus ea at rerum itaque harum non ratione velit laboriosam quis consequuntur ex officiis minima doloremque voluptas ut aut'),
(82, @u9, 'laudantium voluptate suscipit sunt enim enim', 'ut libero sit aut totam inventore sunt porro sint qui sunt molestiae consequatur cupiditate qui iste ducimus adipisci dolor enim assumenda soluta laboriosam amet iste delectus hic'),
(83, @u9, 'odit et voluptates doloribus alias odio et', 'est molestiae facilis quis tempora numquam nihil qui voluptate sapiente consequatur est qui necessitatibus autem aut ipsa aperiam modi dolore numquam reprehenderit eius rem quibusdam'),
(84, @u9, 'optio ipsam molestias necessitatibus occaecati facilis veritatis dolores aut', 'sint molestiae magni a et quos eaque et quasi ut rerum debitis similique veniam recusandae dignissimos dolor incidunt consequatur odio'),
(85, @u9, 'dolore veritatis porro provident adipisci blanditiis et sunt', 'similique sed nisi voluptas iusto omnis mollitia et quo assumenda suscipit officia magnam sint sed tempora enim provident pariatur praesentium atque animi amet ratione'),
(86, @u9, 'placeat quia et porro iste', 'quasi excepturi consequatur iste autem temporibus sed molestiae beatae et quaerat et esse ut voluptatem occaecati et vel explicabo autem asperiores pariatur deserunt optio'),
(87, @u9, 'nostrum quis quasi placeat', 'eos et molestiae nesciunt ut a dolores perspiciatis repellendus repellat aliquid magnam sint rem ipsum est'),
(88, @u9, 'sapiente omnis fugit eos', 'consequatur omnis est praesentium ducimus non iste neque hic deserunt voluptatibus veniam cum et rerum sed'),
(89, @u9, 'sint soluta et vel magnam aut ut sed qui', 'repellat aut aperiam totam temporibus autem et architecto magnam ut consequatur qui cupiditate rerum quia soluta dignissimos nihil iure tempore quas est'),
(90, @u9, 'ad iusto omnis odit dolor voluptatibus', 'minus omnis soluta quia qui sed adipisci voluptates illum ipsam voluptatem eligendi officia ut in eos soluta similique molestias praesentium blanditiis'),
(91, @u10,'aut amet sed', 'libero voluptate eveniet aperiam sed sunt placeat suscipit molestias similique fugit nam natus expedita consequatur consequatur dolores quia eos et placeat'),
(92, @u10,'ratione ex tenetur perferendis', 'aut et excepturi dicta laudantium sint rerum nihil laudantium et at a neque minima officia et similique libero et commodi voluptate qui'),
(93, @u10,'beatae soluta recusandae', 'dolorem quibusdam ducimus consequuntur dicta aut quo laboriosam voluptatem quis enim recusandae ut sed sunt nostrum est odit totam sit error sed sunt eveniet provident qui nulla'),
(94, @u10,'qui qui voluptates illo iste minima', 'aspernatur expedita soluta quo ab ut similique expedita dolores amet sed temporibus distinctio magnam saepe deleniti omnis facilis nam ipsum natus sint similique omnis'),
(95, @u10,'id minus libero illum nam ad officiis', 'earum voluptatem facere provident blanditiis velit laboriosam pariatur accusamus odio saepe cumque dolor qui a dicta ab doloribus consequatur omnis corporis cupiditate eaque assumenda ad nesciunt'),
(96, @u10,'quaerat velit veniam amet cupiditate aut numquam ut sequi', 'in non odio excepturi sint eum labore voluptates vitae quia qui et inventore itaque rerum veniam non exercitationem delectus aut'),
(97, @u10,'quas fugiat ut perspiciatis vero provident', 'eum non blanditiis soluta porro quibusdam voluptas vel voluptatem qui placeat dolores qui velit aut vel inventore aut cumque culpa explicabo aliquid at perspiciatis est et voluptatem dignissimos dolor itaque sit nam'),
(98, @u10,'laboriosam dolor voluptates', 'doloremque ex facilis sit sint culpa soluta assumenda eligendi non ut eius sequi ducimus vel quasi veritatis est dolores'),
(99, @u10,'temporibus sit alias delectus eligendi possimus magni', 'quo deleniti praesentium dicta non quod aut est molestias molestias et officia quis nihil itaque dolorem quia'),
(100,@u10,'at nam consequatur ea labore ea harum', 'cupiditate quo est a modi nesciunt soluta ipsa voluptas error itaque dicta in autem qui minus magnam et distinctio eum accusamus ratione error aut');

-- ─── COMMENTS (100, posts 1–20) ─────────────────────────────
INSERT INTO comments (id, post_id, user_id, name, body) VALUES
(1,  1,  @u1, 'id labore ex et quam laborum', 'laudantium enim quasi est quidem magnam voluptate ipsam eos tempora quo necessitatibus dolor quam autem quasi reiciendis et nam sapiente accusantium'),
(2,  1,  @u1, 'quo vero reiciendis velit similique earum', 'est natus enim nihil est dolore omnis voluptatem numquam et omnis occaecati quod ullam at voluptatem error expedita pariatur nihil sint nostrum voluptatem reiciendis et'),
(3,  1,  @u1, 'odio adipisci rerum aut animi', 'quia molestiae reprehenderit quasi aspernatur aut expedita occaecati aliquam eveniet laudantium omnis quibusdam delectus saepe quia accusamus maiores nam est cum et ducimus et vero voluptates excepturi deleniti ratione'),
(4,  1,  @u1, 'alias odio sit', 'non et atque occaecati deserunt quas accusantium unde odit nobis qui voluptatem quia voluptas consequuntur itaque dolor et qui rerum deleniti ut occaecati'),
(5,  1,  @u1, 'vero eaque aliquid doloribus et culpa', 'harum non quasi et ratione tempore iure ex voluptates in ratione harum architecto fugit inventore cupiditate voluptates magni quo et'),
(6,  2,  @u1, 'et fugit eligendi deleniti quidem qui sint nihil autem', 'doloribus at sed quis culpa deserunt consectetur qui praesentium accusamus fugiat dicta voluptatem rerum ut voluptate autem voluptatem repellendus aspernatur dolorem in'),
(7,  2,  @u1, 'repellat consequatur praesentium vel minus molestias voluptatum', 'maiores sed dolores similique labore et inventore et quasi temporibus esse sunt id et eos voluptatem aliquam aliquid ratione corporis molestiae mollitia quia et magnam dolor'),
(8,  2,  @u1, 'et omnis dolorem', 'ut voluptatem corrupti velit ad voluptatem maiores et nisi velit vero accusamus maiores voluptates quia aliquid ullam eaque'),
(9,  2,  @u1, 'provident id voluptas', 'sapiente assumenda molestiae atque adipisci laborum distinctio aperiam et ab ut omnis et occaecati aspernatur odit sit rem expedita quas enim ipsam minus'),
(10, 2,  @u1, 'eaque et deleniti atque tenetur ut quo ut', 'voluptate iusto quis nobis reprehenderit ipsum amet nulla quia quas dolores velit et non aut quia necessitatibus nostrum quaerat nulla et accusamus nisi facilis'),
(11, 3,  @u2, 'fugit labore quia mollitia quas deserunt nostrum sunt', 'ut dolorum nostrum id quia aut est fuga est inventore vel eligendi explicabo quis consectetur aut occaecati repellat id natus quo est ut blanditiis quia ut vel ut maiores ea'),
(12, 3,  @u2, 'modi ut eos dolores illum nam dolor', 'expedita maiores dignissimos facilis ipsum est rem est fugit velit sequi eum odio dolores dolor totam occaecati ratione eius rem velit'),
(13, 3,  @u2, 'aut inventore non pariatur sit vitae voluptatem sapiente', 'fuga eos qui dolor rerum inventore corporis exercitationem corporis cupiditate et deserunt recusandae est sed quis culpa eum maiores corporis et'),
(14, 3,  @u2, 'et officiis id praesentium hic aut ipsa dolorem repudiandae', 'vel quae voluptas qui exercitationem voluptatibus unde sed minima et qui ipsam aspernatur expedita magnam laudantium et et quaerat ut qui dolorum'),
(15, 3,  @u2, 'debitis magnam hic odit aut ullam nostrum tenetur', 'nihil ut voluptates blanditiis autem odio dicta rerum quisquam saepe et est sunt quasi nemo laudantium deserunt molestias tempora quo quia'),
(16, 4,  @u2, 'perferendis temporibus delectus optio ea eum ratione dolorum', 'iste ut laborum aliquid velit facere itaque quo ut soluta dicta voluptate error tempore aut et sequi reiciendis dignissimos expedita consequuntur libero sed fugiat facilis'),
(17, 4,  @u2, 'eos est animi quis', 'consequatur necessitatibus totam sed sit dolorum recusandae quae odio excepturi voluptatum harum voluptas quisquam sit ad eveniet delectus doloribus odio qui non labore'),
(18, 4,  @u2, 'aut et tenetur ducimus illum aut nulla ab', 'veritatis voluptates necessitatibus maiores corrupti neque et exercitationem amet sit et ullam velit sit magnam laborum magni ut molestias'),
(19, 4,  @u2, 'sed impedit rerum quia et et inventore unde officiis', 'doloribus est illo sed minima aperiam ut dignissimos accusantium tempore atque et aut molestiae magni ut accusamus voluptatem quos ut voluptates quisquam porro sed architecto ut'),
(20, 4,  @u2, 'molestias expedita iste aliquid voluptates', 'qui harum consequatur fugiat et eligendi perferendis at molestiae commodi ducimus doloremque asperiores numquam qui ut sit dignissimos reprehenderit tempore'),
(21, 5,  @u3, 'aliquid rerum mollitia qui a consectetur eum sed', 'deleniti aut sed molestias explicabo commodi odio ratione nesciunt voluptate doloremque est nam autem error delectus'),
(22, 5,  @u3, 'porro repellendus aut tempore quis hic', 'qui ipsa animi nostrum praesentium voluptatibus odit qui non impedit cum qui nostrum aliquid fuga explicabo voluptatem fugit earum voluptas exercitationem temporibus dignissimos distinctio esse inventore reprehenderit quidem ut incidunt nihil necessitatibus rerum'),
(23, 5,  @u3, 'quis tempora quidem nihil iste', 'voluptates provident repellendus iusto perspiciatis ex fugiat ut ut dolor nam aliquid et expedita voluptate sunt vitae illo rerum in quos vel eligendi enim quae fugiat est'),
(24, 5,  @u3, 'in tempore eos beatae est', 'repudiandae repellat quia sequi est dolore explicabo nihil et et sit et et praesentium iste atque asperiores tenetur'),
(25, 5,  @u3, 'autem ab ea sit alias hic provident sit', 'sunt aut quae laboriosam sit ut impedit adipisci harum laborum totam deleniti voluptas odit rem ea non iure distinctio ut velit doloribus et non ex'),
(26, 6,  @u3, 'in deleniti sunt provident soluta ratione veniam quam praesentium', 'incidunt sapiente eaque dolor eos ad est molestias quas sit et nihil exercitationem at cumque ullam nihil magnam et'),
(27, 6,  @u3, 'doloribus quibusdam molestiae amet illum', 'nisi vel quas ut laborum ratione rerum magni eum unde et voluptatem saepe voluptas corporis modi amet ipsam eos saepe porro'),
(28, 6,  @u3, 'quo voluptates voluptas nisi veritatis dignissimos dolores ut officiis', 'voluptatem repellendus quo alias at laudantium mollitia quidem esse temporibus consequuntur vitae rerum illum id corporis sit id'),
(29, 6,  @u3, 'eum distinctio amet dolor', 'tempora voluptatem est magnam distinctio autem est dolorem et ipsa molestiae odit rerum itaque corporis nihil nam eaque rerum error'),
(30, 6,  @u3, 'quasi nulla ducimus facilis non voluptas aut', 'consequuntur quia voluptate assumenda et autem voluptatem reiciendis ipsum animi est provident earum aperiam sapiente ad vitae iste accusantium aperiam eius qui dolore voluptatem et'),
(31, 7,  @u4, 'ex velit ut cum eius odio ad placeat', 'quia incidunt ut aliquid est ut rerum deleniti iure est ipsum quia ea sint et voluptatem quaerat eaque repudiandae eveniet aut'),
(32, 7,  @u4, 'dolorem architecto ut pariatur quae qui suscipit', 'nihil ea itaque libero illo officiis quo quo dicta inventore consequatur voluptas voluptatem corporis sed necessitatibus velit tempore rerum velit et temporibus'),
(33, 7,  @u4, 'voluptatum totam vel voluptate omnis', 'fugit harum quae vero libero unde tempore soluta eaque culpa sequi quibusdam nulla id et et necessitatibus'),
(34, 7,  @u4, 'omnis nemo sunt ab autem', 'omnis temporibus quasi ab omnis facilis et omnis illum quae quasi aut minus iure ex rem ut reprehenderit in non fugit'),
(35, 7,  @u4, 'repellendus sapiente omnis praesentium aliquam ipsum id molestiae omnis', 'dolor mollitia quidem facere et vel est ut ut repudiandae est quidem dolorem sed atque rem quia aut adipisci sunt'),
(36, 8,  @u4, 'sit et quis', 'aut vero est dolor non aut excepturi dignissimos illo nisi aut quas aut magni quia nostrum provident magnam quas modi maxime voluptatem et molestiae'),
(37, 8,  @u4, 'beatae veniam nemo rerum voluptate quam aspernatur', 'qui rem amet aut cumque maiores earum ut quia sit nam esse qui iusto aspernatur quis voluptas dolorem distinctio ex temporibus rem'),
(38, 8,  @u4, 'maiores dolores expedita', 'unde voluptatem qui dicta vel ad aut eos error consequatur voluptatem adipisci doloribus qui est sit aut velit aut et ea ratione eveniet iure fuga'),
(39, 8,  @u4, 'necessitatibus ratione aut ut delectus quae ut', 'atque consequatur dolorem sunt adipisci autem et voluptatibus et quae necessitatibus rerum eaque aperiam nostrum nemo eligendi sed et beatae et inventore'),
(40, 8,  @u4, 'non minima omnis deleniti pariatur facere quibusdam at', 'quod minus alias quos perferendis labore molestias quae ut ut corporis deserunt vitae et quaerat ut et ullam unde asperiores cum voluptatem cumque'),
(41, 9,  @u5, 'voluptas deleniti ut', 'facere repudiandae vitae ea aut sed quo ut et facere nihil ut voluptates in saepe cupiditate accusantium numquam dolores inventore sint mollitia provident'),
(42, 9,  @u5, 'nam qui et', 'aut culpa quaerat veritatis eos debitis aut repellat eius explicabo et officiis quo sint at magni ratione et iure incidunt quo sequi quia dolorum beatae qui'),
(43, 9,  @u5, 'molestias sint est voluptatem modi', 'voluptatem ut possimus laborum quae ut commodi delectus in et consequatur in voluptas beatae molestiae est rerum laborum et et velit sint ipsum dolorem'),
(44, 9,  @u5, 'hic molestiae et fuga ea maxime quod', 'qui sunt commodi sint vel optio vitae quis qui non distinctio id quasi modi dicta eos nihil sit inventore est numquam officiis'),
(45, 9,  @u5, 'autem illo facilis', 'ipsum odio harum voluptatem sunt cumque et dolores nihil laboriosam neque commodi qui est quos numquam voluptatum corporis quo in vitae similique cumque tempore'),
(46, 10, @u5, 'dignissimos et deleniti voluptate et quod', 'exercitationem et id quae cum omnis voluptatibus accusantium et quidem ut ipsam sint doloremque illo ex atque necessitatibus sed'),
(47, 10, @u5, 'rerum commodi est non dolor nesciunt ut', 'occaecati laudantium ratione non cumque earum quod non enim soluta nisi velit similique voluptatibus esse laudantium consequatur voluptatem rem eaque voluptatem aut ut et sit quam'),
(48, 10, @u5, 'consequatur animi dolorem saepe repellendus ut quo aut tenetur', 'illum et alias quidem magni voluptatum ab soluta ea qui saepe corrupti hic et cum repellat esse est sint vel veritatis officia consequuntur cum'),
(49, 10, @u5, 'rerum placeat quae minus iusto eligendi', 'id est iure occaecati quam similique enim ab repudiandae non illum expedita quam excepturi soluta qui placeat perspiciatis optio maiores non doloremque aut iusto sapiente'),
(50, 10, @u5, 'dolorum soluta quidem ex quae occaecati dicta aut doloribus', 'eum accusamus aut delectus architecto blanditiis quia sunt rerum harum sit quos quia aspernatur vel corrupti inventore animi dicta vel corporis'),
(51, 11, @u6, 'molestias et odio ut commodi omnis ex', 'perferendis omnis esse voluptate sit mollitia sed perferendis nemo nostrum qui vel quis nisi doloribus animi odio id quas'),
(52, 11, @u6, 'esse autem dolorum', 'et enim voluptatem totam laudantium impedit nam labore repellendus enim earum aut consectetur mollitia fugit qui repellat expedita sunt aut fugiat vel illo quos aspernatur ducimus'),
(53, 11, @u6, 'maiores alias necessitatibus aut non', 'a at tempore molestiae odit qui dolores molestias dolorem et laboriosam repudiandae placeat quisquam autem aperiam consectetur maiores laboriosam nostrum'),
(54, 11, @u6, 'culpa eius tempora sit consequatur neque iure deserunt', 'et ipsa rem ullam cum pariatur similique quia cum ipsam est sed aut inventore provident sequi commodi enim inventore assumenda aut aut tempora possimus soluta quia consequatur modi illo'),
(55, 11, @u6, 'quas pariatur quia a doloribus', 'perferendis eaque labore laudantium ut molestiae soluta et vero odio non corrupti error pariatur consectetur et enim nam quia voluptatum non mollitia culpa facere voluptas suscipit veniam'),
(56, 12, @u6, 'et dolorem corrupti sed molestias', 'cum esse odio nihil reiciendis illum quaerat est facere quia occaecati sit totam fugiat in beatae ut occaecati unde vitae nihil quidem consequatur'),
(57, 12, @u6, 'qui quidem sed', 'dolorem facere itaque fuga odit autem perferendis quisquam quis corrupti eius dicta repudiandae error esse itaque aut corrupti sint consequatur aliquid'),
(58, 12, @u6, 'sint minus reiciendis qui perspiciatis id', 'veritatis qui nihil quia reprehenderit non ullam ea iusto consectetur nam voluptas ut temporibus tempore provident error eos et nisi et voluptate'),
(59, 12, @u6, 'quis ducimus distinctio similique et illum minima ab libero', 'cumque molestiae officia aut fugiat nemo autem vero alias atque sed qui ratione quia repellat vel earum ea laudantium mollitia'),
(60, 12, @u6, 'expedita libero quos cum commodi ad', 'error eum quia voluptates alias repudiandae accusantium veritatis maiores assumenda quod impedit animi tempore veritatis animi et et officiis labore impedit blanditiis repudiandae'),
(61, 13, @u7, 'quidem itaque dolores quod laborum aliquid molestiae', 'deserunt cumque laudantium et et odit quia sint quia quidem quibusdam debitis fuga in tempora deleniti impedit consequatur veniam reiciendis autem porro minima'),
(62, 13, @u7, 'libero beatae consequuntur optio est hic', 'tempore dolorum corrupti facilis praesentium sunt iste recusandae unde quisquam similique alias consequuntur voluptates velit'),
(63, 13, @u7, 'occaecati dolor accusantium et quasi architecto aut eveniet fugiat', 'aut eligendi et molestiae voluptatum tempora officia nihil sit voluptatem aut deleniti quaerat consequatur eaque sapiente tempore commodi tenetur rerum qui quo'),
(64, 13, @u7, 'consequatur aut ullam voluptas dolorum voluptatum sequi et', 'sed illum quis ut aut culpa labore aspernatur illo dolorem quia vitae ut aut quo repellendus est omnis esse at est debitis'),
(65, 13, @u7, 'earum ea ratione numquam', 'qui debitis vitae ratione tempora impedit aperiam porro molestiae placeat vero laboriosam recusandae praesentium consequatur facere et itaque quidem eveniet magnam natus distinctio sapiente'),
(66, 14, @u7, 'eius nam consequuntur', 'necessitatibus libero occaecati vero inventore iste assumenda veritatis asperiores non sit et quia omnis facere nemo explicabo odit quo nobis porro'),
(67, 14, @u7, 'omnis consequatur natus distinctio', 'nulla quo itaque beatae ad officiis animi aut exercitationem voluptatum dolorem doloremque ducimus in recusandae officia consequuntur quas aspernatur dolores est esse dolores sit illo laboriosam quaerat'),
(68, 14, @u7, 'architecto ut deserunt consequatur cumque sapiente', 'sed magni accusantium numquam quidem omnis et voluptatem beatae quos fugit libero vel ipsa et nihil recusandae ea iste nemo qui optio sit enim ut nostrum odit'),
(69, 14, @u7, 'at aut ea iure accusantium voluptatum nihil ipsum', 'omnis dolor autem qui est natus autem animi nemo voluptatum aut natus accusantium iure inventore sunt ea tenetur commodi suscipit facere architecto consequatur dolorem nihil veritatis consequuntur corporis'),
(70, 14, @u7, 'eum magni accusantium labore aut cum et tenetur', 'omnis aliquam praesentium ad voluptatem harum aperiam dolor autem hic asperiores quisquam ipsa necessitatibus suscipit praesentium rem deserunt et facere repellendus aut sed fugit qui est'),
(71, 15, @u8, 'vel pariatur perferendis vero ab aut voluptates labore', 'mollitia magnam et ipsum consequatur est expedita aut rem ut ex doloremque est vitae est cumque velit recusandae numquam libero dolor fuga fugit a'),
(72, 15, @u8, 'quia sunt dolor dolor suscipit expedita quis', 'quisquam voluptas ut pariatur eos amet non reprehenderit voluptates numquam in est voluptatem dicta ipsa qui esse enim'),
(73, 15, @u8, 'ut quia ipsa repellat sunt et sequi aut est', 'nam qui possimus deserunt inventore dignissimos nihil rerum ut consequatur vel architecto tenetur recusandae voluptate numquam dignissimos aliquid ut reprehenderit voluptatibus'),
(74, 15, @u8, 'ut non illum pariatur dolor', 'non accusamus eum aut et est accusantium animi nesciunt distinctio ea quas quisquam sit ut voluptatem modi natus sint facilis est qui molestias recusandae nemo'),
(75, 15, @u8, 'minus laboriosam consequuntur', 'natus numquam enim asperiores doloremque ullam et est molestias doloribus cupiditate labore vitae aut voluptatem itaque quos quo consectetur nihil illum veniam nostrum voluptatum repudiandae ut'),
(76, 16, @u8, 'porro ut soluta repellendus similique', 'sunt qui consequatur similique recusandae repellendus voluptates eos et vero nostrum fugit magnam aliquam reprehenderit nobis voluptatem eos consectetur possimus et perferendis qui ea fugiat sit doloremque'),
(77, 16, @u8, 'dolores et quo omnis voluptates', 'eos ullam dolorem impedit labore mollitia rerum non dolores molestiae dignissimos qui maxime sed voluptate consequatur doloremque praesentium magnam odio iste quae totam aut'),
(78, 16, @u8, 'voluptas voluptas voluptatibus blanditiis', 'qui adipisci eveniet excepturi iusto magni et enim ducimus asperiores blanditiis nemo commodi nihil ex enim rerum vel nobis nostrum et non'),
(79, 16, @u8, 'beatae ut ad quisquam sed repellendus et', 'et inventore sapiente sed sunt similique fugiat officia velit doloremque illo eligendi quas sed rerum in quidem perferendis facere molestias dolore dolor voluptas nam vel quia'),
(80, 16, @u8, 'et cumque ad culpa ut eligendi non', 'dignissimos itaque ab et tempore odio omnis voluptatem itaque perferendis rem repellendus tenetur nesciunt velit qui cupiditate recusandae quis debitis dolores aliquam nam'),
(81, 17, @u9, 'aut non consequuntur dignissimos voluptatibus dolorem earum recusandae dolorem', 'illum et voluptatem quis repellendus quidem repellat reprehenderit voluptas consequatur mollitia praesentium nisi quo quod et occaecati repellendus illo eius harum explicabo doloribus officia'),
(82, 17, @u9, 'ea est non dolorum iste nihil est', 'officiis dolorem voluptas aliquid eveniet tempora qui ea temporibus labore accusamus sint ut sunt necessitatibus voluptatum animi cumque at reiciendis voluptatem iure aliquid et qui dolores et'),
(83, 17, @u9, 'nihil qui accusamus ratione et molestias et minus', 'et consequatur voluptates magnam fugit sunt repellendus nihil earum officiis aut cupiditate et distinctio laboriosam molestiae sunt dolor explicabo recusandae'),
(84, 17, @u9, 'quia voluptatibus magnam voluptatem optio vel perspiciatis', 'ratione ut magni voluptas explicabo natus quia consequatur nostrum aut omnis enim in qui illum aut atque laboriosam aliquid blanditiis quisquam et laborum'),
(85, 17, @u9, 'non voluptas cum est quis aut consectetur nam', 'quisquam incidunt dolores sint qui doloribus provident vel cupiditate deleniti alias voluptatem placeat ad ut dolorem illum unde iure quis libero neque ea et distinctio id'),
(86, 18, @u9, 'suscipit est sunt vel illum sint', 'eum culpa debitis sint eaque quia magni laudantium qui neque voluptas voluptatem qui molestiae vel earum est ratione excepturi sit aut explicabo et repudiandae ut perspiciatis'),
(87, 18, @u9, 'dolor asperiores autem et omnis quasi nobis', 'assumenda corporis architecto repudiandae omnis qui et odit perferendis velit enim et quia reiciendis sint quia voluptas quam deserunt facilis harum eligendi'),
(88, 18, @u9, 'officiis aperiam odit sint est non', 'laudantium corrupti atque exercitationem quae enim et veniam dicta autem perspiciatis sit dolores minima consectetur tenetur iste facere amet est neque'),
(89, 18, @u9, 'in voluptatum nostrum voluptas iure nisi rerum est placeat', 'quibusdam rerum quia nostrum culpa culpa est natus impedit quo rem voluptate quos rerum culpa aut ut consectetur sunt esse laudantium voluptatibus cupiditate rerum'),
(90, 18, @u9, 'eum voluptas dolores molestias odio amet repellendus', 'vitae cupiditate excepturi eum veniam laudantium aspernatur blanditiis aspernatur quia ut assumenda et magni enim magnam in voluptate tempora non qui voluptatem reprehenderit porro qui voluptatibus'),
(91, 19, @u10,'repellendus est laboriosam voluptas veritatis', 'qui nisi at maxime deleniti quo ex quas tenetur nam deleniti aut asperiores deserunt cum ex eaque alias sit et veniam ab consequatur molestiae'),
(92, 19, @u10,'repellendus aspernatur occaecati tempore blanditiis deleniti omnis qui distinctio', 'nihil necessitatibus omnis asperiores nobis praesentium quia ab debitis quo deleniti aut sequi commodi ut perspiciatis quod est magnam aliquam modi eum quos aliquid ea est'),
(93, 19, @u10,'mollitia dolor deleniti sed iure laudantium', 'ut quis et id repellat labore nobis itaque quae saepe est ullam aut dolor id ut quis sunt iure voluptates expedita voluptas doloribus modi saepe autem'),
(94, 19, @u10,'vero repudiandae voluptatem nobis', 'reiciendis delectus nulla quae voluptas nihil provident quia ab corporis nesciunt blanditiis quibusdam et unde et magni eligendi aperiam corrupti perspiciatis quasi neque iure voluptatibus mollitia'),
(95, 19, @u10,'voluptatem unde quos provident ad qui sit et excepturi', 'at ut tenetur rem ut fuga quis ea magnam alias aut tempore fugiat laboriosam porro quia iure qui architecto est enim'),
(96, 20, @u10,'non sit ad culpa quis', 'eum itaque quam laboriosam sequi ullam quos nobis omnis dignissimos nam dolores facere id suscipit aliquid culpa rerum quis'),
(97, 20, @u10,'reiciendis culpa omnis suscipit est', 'est ducimus voluptate saepe iusto repudiandae recusandae et sint fugit voluptas eum itaque odit ab eos voluptas molestiae necessitatibus earum possimus voluptatem quibusdam aut illo beatae qui delectus aut officia veritatis'),
(98, 20, @u10,'praesentium dolorem ea voluptate et', 'ex et expedita cum voluptatem voluptatem ab expedita quis nihil esse quo nihil perferendis dolores velit ut culpa aut dolor maxime necessitatibus voluptatem'),
(99, 20, @u10,'laudantium delectus nam', 'aut quam consequatur sit et repellat maiores laborum similique voluptatem necessitatibus nihil et debitis nemo occaecati cupiditate modi dolorum quia aut'),
(100,20, @u10,'et sint quia dolor et est ea nulla cum', 'architecto dolorem ab explicabo et provident et et eos illo omnis mollitia ex aliquam atque ut ipsum nulla nihil quis voluptas aut debitis facilis');

-- ─── ALBUMS (100) ───────────────────────────────────────────
INSERT INTO albums (id, user_id, title) VALUES
(1,  @u1, 'quidem molestiae enim'),
(2,  @u1, 'sunt qui excepturi placeat culpa'),
(3,  @u1, 'omnis laborum odio'),
(4,  @u1, 'non esse culpa molestiae omnis sed optio'),
(5,  @u1, 'eaque aut omnis a'),
(6,  @u1, 'natus impedit quibusdam illo est'),
(7,  @u1, 'quibusdam autem aliquid et et quia'),
(8,  @u1, 'qui fuga est a eum'),
(9,  @u1, 'saepe unde necessitatibus rem'),
(10, @u1, 'distinctio laborum qui'),
(11, @u2, 'quam nostrum impedit mollitia quod et dolor'),
(12, @u2, 'consequatur autem doloribus natus consectetur'),
(13, @u2, 'ab rerum non rerum consequatur ut ea unde'),
(14, @u2, 'ducimus molestias eos animi atque nihil'),
(15, @u2, 'ut pariatur rerum ipsum natus repellendus praesentium'),
(16, @u2, 'voluptatem aut maxime inventore autem magnam atque repellat'),
(17, @u2, 'aut minima voluptatem ut velit'),
(18, @u2, 'nesciunt quia et doloremque'),
(19, @u2, 'velit pariatur quaerat similique libero omnis quia'),
(20, @u2, 'voluptas rerum iure ut enim'),
(21, @u3, 'repudiandae voluptatem optio est consequatur rem in temporibus et'),
(22, @u3, 'et rem non provident vel ut'),
(23, @u3, 'incidunt quisquam hic adipisci sequi'),
(24, @u3, 'dolores ut et facere placeat'),
(25, @u3, 'vero maxime id possimus sunt neque et consequatur'),
(26, @u3, 'quibusdam saepe ipsa vel harum'),
(27, @u3, 'id non nostrum expedita'),
(28, @u3, 'omnis neque exercitationem sed dolor atque maxime aut cum'),
(29, @u3, 'inventore ut quasi magnam itaque est fugit'),
(30, @u3, 'tempora assumenda et similique odit distinctio error'),
(31, @u4, 'adipisci laborum fuga laboriosam'),
(32, @u4, 'reiciendis dolores a ut qui debitis non quo labore'),
(33, @u4, 'iste eos nostrum'),
(34, @u4, 'cumque voluptatibus rerum architecto blanditiis'),
(35, @u4, 'et impedit nisi quae magni necessitatibus sed aut pariatur'),
(36, @u4, 'nihil cupiditate voluptate neque'),
(37, @u4, 'est placeat dicta ut nisi rerum iste'),
(38, @u4, 'unde a sequi id'),
(39, @u4, 'ratione porro illum labore eum aperiam sed'),
(40, @u4, 'voluptas neque et sint aut quo odit'),
(41, @u5, 'ea voluptates maiores eos accusantium officiis tempore mollitia consequatur'),
(42, @u5, 'tenetur explicabo ea'),
(43, @u5, 'aperiam doloremque nihil'),
(44, @u5, 'sapiente cum numquam officia consequatur vel natus quos suscipit'),
(45, @u5, 'tenetur quos ea unde est enim corrupti qui'),
(46, @u5, 'molestiae voluptate non'),
(47, @u5, 'temporibus molestiae aut'),
(48, @u5, 'modi consequatur culpa aut quam soluta alias perspiciatis laudantium'),
(49, @u5, 'ut aut vero repudiandae voluptas ullam voluptas at consequatur'),
(50, @u5, 'sed qui sed quas sit ducimus dolor'),
(51, @u6, 'odit laboriosam sint quia cupiditate animi quis'),
(52, @u6, 'necessitatibus quas et sunt at voluptatem'),
(53, @u6, 'est vel sequi voluptatem nemo quam molestiae modi enim'),
(54, @u6, 'aut non illo amet perferendis'),
(55, @u6, 'qui culpa itaque omnis in nesciunt architecto error'),
(56, @u6, 'omnis qui maiores tempora officiis omnis rerum sed repellat'),
(57, @u6, 'libero excepturi voluptatem est architecto quae voluptatum officia tempora'),
(58, @u6, 'nulla illo consequatur aspernatur veritatis aut error delectus et'),
(59, @u6, 'eligendi similique provident nihil'),
(60, @u6, 'omnis mollitia sunt aliquid eum consequatur fugit minus laudantium'),
(61, @u7, 'delectus iusto et'),
(62, @u7, 'eos ea non recusandae iste ut quasi'),
(63, @u7, 'velit est quam'),
(64, @u7, 'autem voluptatem amet iure quae'),
(65, @u7, 'voluptates delectus iure iste qui'),
(66, @u7, 'velit sed quia dolor dolores delectus'),
(67, @u7, 'ad voluptas nostrum et nihil'),
(68, @u7, 'qui quasi nihil aut voluptatum sit dolore minima'),
(69, @u7, 'qui aut est'),
(70, @u7, 'et deleniti unde'),
(71, @u8, 'et vel corporis'),
(72, @u8, 'unde exercitationem ut'),
(73, @u8, 'quos omnis officia'),
(74, @u8, 'quia est eius vitae dolor'),
(75, @u8, 'aut quia expedita non'),
(76, @u8, 'dolorem magnam facere itaque ut reprehenderit tenetur corrupti'),
(77, @u8, 'cupiditate sapiente maiores iusto ducimus cum excepturi veritatis quia'),
(78, @u8, 'est minima eius possimus ea ratione velit et'),
(79, @u8, 'ipsa quae voluptas natus ut suscipit soluta quia quidem'),
(80, @u8, 'id nihil reprehenderit'),
(81, @u9, 'quibusdam sapiente et'),
(82, @u9, 'recusandae consequatur vel amet unde'),
(83, @u9, 'aperiam odio fugiat'),
(84, @u9, 'est et at eos expedita'),
(85, @u9, 'qui voluptatem consequatur aut ab quis temporibus praesentium'),
(86, @u9, 'eligendi mollitia alias aspernatur vel ut iusto'),
(87, @u9, 'aut aut architecto'),
(88, @u9, 'quas perspiciatis optio'),
(89, @u9, 'sit optio id voluptatem est eum et'),
(90, @u9, 'est vel dignissimos'),
(91, @u10,'repellendus praesentium debitis officiis'),
(92, @u10,'incidunt et et eligendi assumenda soluta quia recusandae'),
(93, @u10,'nisi qui dolores perspiciatis'),
(94, @u10,'quisquam a dolores et earum vitae'),
(95, @u10,'consectetur vel rerum qui aperiam modi eos aspernatur ipsa'),
(96, @u10,'unde et ut molestiae est molestias voluptatem sint'),
(97, @u10,'est quod aut'),
(98, @u10,'omnis quia possimus nesciunt deleniti assumenda sed autem'),
(99, @u10,'consectetur ut id impedit dolores sit ad ex aut'),
(100,@u10,'enim repellat iste');

-- ─── PHOTOS (50, album 1) ───────────────────────────────────
INSERT INTO photos (id, album_id, title, url, thumbnail_url) VALUES
(1,  1, 'accusamus beatae ad facilis cum similique qui sunt', 'https://via.placeholder.com/600/92c952', 'https://via.placeholder.com/150/92c952'),
(2,  1, 'reprehenderit est deserunt velit ipsam', 'https://via.placeholder.com/600/771796', 'https://via.placeholder.com/150/771796'),
(3,  1, 'officia porro iure quia iusto qui ipsa ut modi', 'https://via.placeholder.com/600/24f355', 'https://via.placeholder.com/150/24f355'),
(4,  1, 'culpa odio esse rerum omnis laboriosam voluptate repudiandae', 'https://via.placeholder.com/600/d32776', 'https://via.placeholder.com/150/d32776'),
(5,  1, 'natus nisi omnis corporis facere molestiae rerum in', 'https://via.placeholder.com/600/f66b97', 'https://via.placeholder.com/150/f66b97'),
(6,  1, 'accusamus ea aliquid et amet sequi nemo', 'https://via.placeholder.com/600/56a8c2', 'https://via.placeholder.com/150/56a8c2'),
(7,  1, 'officia delectus consequatur vero aut veniam explicabo molestias', 'https://via.placeholder.com/600/b0f7cc', 'https://via.placeholder.com/150/b0f7cc'),
(8,  1, 'aut porro officiis laborum odit ea laudantium corporis', 'https://via.placeholder.com/600/54176f', 'https://via.placeholder.com/150/54176f'),
(9,  1, 'qui eius qui autem sed', 'https://via.placeholder.com/600/51aa97', 'https://via.placeholder.com/150/51aa97'),
(10, 1, 'beatae et provident et ut vel', 'https://via.placeholder.com/600/810b14', 'https://via.placeholder.com/150/810b14'),
(11, 1, 'nihil at amet non hic quia qui', 'https://via.placeholder.com/600/1ee8a4', 'https://via.placeholder.com/150/1ee8a4'),
(12, 1, 'mollitia soluta ut rerum eos aliquam consequatur perspiciatis maiores', 'https://via.placeholder.com/600/66b7d2', 'https://via.placeholder.com/150/66b7d2'),
(13, 1, 'repudiandae iusto deleniti rerum', 'https://via.placeholder.com/600/197d29', 'https://via.placeholder.com/150/197d29'),
(14, 1, 'est necessitatibus architecto ut laborum', 'https://via.placeholder.com/600/61a65', 'https://via.placeholder.com/150/61a65'),
(15, 1, 'harum dicta similique quis dolore earum ex qui', 'https://via.placeholder.com/600/f9cee5', 'https://via.placeholder.com/150/f9cee5'),
(16, 1, 'iusto sunt nobis quasi veritatis quas expedita voluptatum deserunt', 'https://via.placeholder.com/600/fdf73e', 'https://via.placeholder.com/150/fdf73e'),
(17, 1, 'natus doloribus necessitatibus ipsa', 'https://via.placeholder.com/600/9c184f', 'https://via.placeholder.com/150/9c184f'),
(18, 1, 'laboriosam odit nam necessitatibus et illum dolores reiciendis', 'https://via.placeholder.com/600/1fe46f', 'https://via.placeholder.com/150/1fe46f'),
(19, 1, 'perferendis nesciunt eveniet et optio a', 'https://via.placeholder.com/600/56acb2', 'https://via.placeholder.com/150/56acb2'),
(20, 1, 'assumenda voluptatem laboriosam enim consequatur veniam placeat reiciendis error', 'https://via.placeholder.com/600/8985dc', 'https://via.placeholder.com/150/8985dc'),
(21, 1, 'ad et natus qui', 'https://via.placeholder.com/600/5e12c6', 'https://via.placeholder.com/150/5e12c6'),
(22, 1, 'et ea illo et sit voluptas animi blanditiis porro', 'https://via.placeholder.com/600/45601a', 'https://via.placeholder.com/150/45601a'),
(23, 1, 'harum velit vero totam', 'https://via.placeholder.com/600/e924e6', 'https://via.placeholder.com/150/e924e6'),
(24, 1, 'beatae officiis ut aut', 'https://via.placeholder.com/600/8f209a', 'https://via.placeholder.com/150/8f209a'),
(25, 1, 'facere non quis fuga fugit vitae', 'https://via.placeholder.com/600/5e3a73', 'https://via.placeholder.com/150/5e3a73'),
(26, 1, 'asperiores nobis voluptate qui', 'https://via.placeholder.com/600/474645', 'https://via.placeholder.com/150/474645'),
(27, 1, 'sit asperiores est quos quis nisi veniam error', 'https://via.placeholder.com/600/c984bf', 'https://via.placeholder.com/150/c984bf'),
(28, 1, 'non neque eligendi molestiae repudiandae illum voluptatem qui aut', 'https://via.placeholder.com/600/392537', 'https://via.placeholder.com/150/392537'),
(29, 1, 'aut ipsam quos ab placeat omnis', 'https://via.placeholder.com/600/602b9e', 'https://via.placeholder.com/150/602b9e'),
(30, 1, 'odio enim voluptatem quidem aut nihil illum', 'https://via.placeholder.com/600/372c93', 'https://via.placeholder.com/150/372c93'),
(31, 1, 'voluptate voluptates sequi', 'https://via.placeholder.com/600/a7c272', 'https://via.placeholder.com/150/a7c272'),
(32, 1, 'ad enim dignissimos voluptatem similique', 'https://via.placeholder.com/600/c70a4d', 'https://via.placeholder.com/150/c70a4d'),
(33, 1, 'culpa ipsam nobis qui fuga magni et mollitia', 'https://via.placeholder.com/600/501fe1', 'https://via.placeholder.com/150/501fe1'),
(34, 1, 'vitae est facere quia itaque adipisci perferendis id maiores', 'https://via.placeholder.com/600/35185e', 'https://via.placeholder.com/150/35185e'),
(35, 1, 'tenetur minus voluptatum et', 'https://via.placeholder.com/600/c96cad', 'https://via.placeholder.com/150/c96cad'),
(36, 1, 'expedita rerum eaque', 'https://via.placeholder.com/600/4d564d', 'https://via.placeholder.com/150/4d564d'),
(37, 1, 'totam voluptas iusto deserunt dolores', 'https://via.placeholder.com/600/ea51da', 'https://via.placeholder.com/150/ea51da'),
(38, 1, 'natus magnam iure rerum pariatur molestias dolore nisi', 'https://via.placeholder.com/600/4f5b8d', 'https://via.placeholder.com/150/4f5b8d'),
(39, 1, 'molestiae nam ullam et rerum doloribus', 'https://via.placeholder.com/600/1e71a2', 'https://via.placeholder.com/150/1e71a2'),
(40, 1, 'est quas voluptates dignissimos sint praesentium nisi recusandae', 'https://via.placeholder.com/600/3a0b95', 'https://via.placeholder.com/150/3a0b95'),
(41, 1, 'in voluptatem doloremque cum atque architecto deleniti', 'https://via.placeholder.com/600/659403', 'https://via.placeholder.com/150/659403'),
(42, 1, 'voluptatibus a autem molestias voluptas architecto culpa', 'https://via.placeholder.com/600/ca50ac', 'https://via.placeholder.com/150/ca50ac'),
(43, 1, 'eius hic autem ad beatae voluptas', 'https://via.placeholder.com/600/6ad437', 'https://via.placeholder.com/150/6ad437'),
(44, 1, 'neque eum provident et inventore sed ipsam dignissimos quo', 'https://via.placeholder.com/600/29fe9f', 'https://via.placeholder.com/150/29fe9f'),
(45, 1, 'praesentium fugit quis aut voluptatum commodi dolore corrupti', 'https://via.placeholder.com/600/c4084a', 'https://via.placeholder.com/150/c4084a'),
(46, 1, 'quidem maiores in quia fugit dolore explicabo occaecati', 'https://via.placeholder.com/600/e9b68', 'https://via.placeholder.com/150/e9b68'),
(47, 1, 'et soluta est', 'https://via.placeholder.com/600/b4412f', 'https://via.placeholder.com/150/b4412f'),
(48, 1, 'ut esse id', 'https://via.placeholder.com/600/68e0a8', 'https://via.placeholder.com/150/68e0a8'),
(49, 1, 'quasi quae est modi quis quam in impedit', 'https://via.placeholder.com/600/2cd88b', 'https://via.placeholder.com/150/2cd88b'),
(50, 1, 'et inventore quae ut tempore eius voluptatum', 'https://via.placeholder.com/600/9e59da', 'https://via.placeholder.com/150/9e59da');
